country;region;timezone
--;--;
--;Unknown;
A1;Unknown;
A2;Unknown;
AD;02;Europe/Andorra
AD;03;Europe/Andorra
AD;04;Europe/Andorra
AD;05;Europe/Andorra
AD;06;Europe/Andorra
AD;07;Europe/Andorra
AD;08;Europe/Andorra
AD;Unknown;Europe/Andorra
AE;01;Asia/Dubai
AE;02;Asia/Dubai
AE;03;Asia/Dubai
AE;04;Asia/Dubai
AE;05;Asia/Dubai
AE;06;Asia/Dubai
AE;Unknown;Asia/Dubai
AF;11;Asia/Kabul
AF;13;Asia/Kabul
AF;23;Asia/Kabul
AF;Unknown;Asia/Kabul
AG;03;America/Antigua
AG;04;America/Antigua
AG;05;America/Antigua
AG;Unknown;America/Antigua
AI;00;America/Anguilla
AL;40;Europe/Tirane
AL;41;Europe/Tirane
AL;42;Europe/Tirane
AL;43;Europe/Tirane
AL;44;Europe/Tirane
AL;45;Europe/Tirane
AL;47;Europe/Tirane
AL;48;Europe/Tirane
AL;49;Europe/Tirane
AL;50;Europe/Tirane
AL;51;Europe/Tirane
AL;Unknown;Europe/Tirane
AM;03;Asia/Yerevan
AM;05;Asia/Yerevan
AM;07;Asia/Yerevan
AM;11;Asia/Yerevan
AM;Unknown;Asia/Yerevan
AN;00;America/Curacao
AN;Unknown;America/Curacao
AO;01;Africa/Luanda
AO;02;Africa/Luanda
AO;04;Africa/Luanda
AO;05;Africa/Luanda
AO;09;Africa/Luanda
AO;20;Africa/Luanda
AO;Unknown;Africa/Luanda
AP;Unknown;
AR;01;America/Argentina/Buenos_Aires
AR;02;America/Argentina/Buenos_Aires
AR;03;America/Argentina/Buenos_Aires
AR;04;America/Argentina/Buenos_Aires
AR;05;America/Argentina/Buenos_Aires
AR;06;America/Argentina/Buenos_Aires
AR;07;America/Argentina/Buenos_Aires
AR;08;America/Argentina/Buenos_Aires
AR;09;America/Argentina/Buenos_Aires
AR;10;America/Argentina/Buenos_Aires
AR;11;America/Argentina/Buenos_Aires
AR;12;America/Argentina/Buenos_Aires
AR;13;America/Argentina/Buenos_Aires
AR;14;America/Argentina/Buenos_Aires
AR;15;America/Argentina/Buenos_Aires
AR;16;America/Argentina/Buenos_Aires
AR;17;America/Argentina/Buenos_Aires
AR;18;America/Argentina/Buenos_Aires
AR;19;America/Argentina/Buenos_Aires
AR;20;America/Argentina/Buenos_Aires
AR;21;America/Argentina/Buenos_Aires
AR;22;America/Argentina/Buenos_Aires
AR;23;America/Argentina/Buenos_Aires
AR;24;America/Argentina/Buenos_Aires
AR;Unknown;America/Argentina/Buenos_Aires
AS;00;Pacific/Pago_Pago
AS;Unknown;Pacific/Pago_Pago
AT;01;Europe/Vienna
AT;02;Europe/Vienna
AT;03;Europe/Vienna
AT;04;Europe/Vienna
AT;05;Europe/Vienna
AT;06;Europe/Vienna
AT;07;Europe/Vienna
AT;08;Europe/Vienna
AT;09;Europe/Vienna
AT;Unknown;Europe/Vienna
AU;01;Australia/Broken_Hill
AU;02;Australia/Broken_Hill
AU;03;Australia/Broken_Hill
AU;04;Australia/Broken_Hill
AU;05;Australia/Broken_Hill
AU;06;Australia/Broken_Hill
AU;07;Australia/Broken_Hill
AU;08;Australia/Broken_Hill
AU;Unknown;Australia/Broken_Hill
AW;00;America/Aruba
AW;Unknown;America/Aruba
AX;00;Europe/Mariehamn
AX;Unknown;Europe/Mariehamn
AZ;01;Asia/Baku
AZ;09;Asia/Baku
AZ;35;Asia/Baku
AZ;54;Asia/Baku
AZ;Unknown;Asia/Baku
BA;01;Europe/Sarajevo
BA;02;Europe/Sarajevo
BA;03;Europe/Sarajevo
BA;Unknown;Europe/Sarajevo
BB;01;America/Barbados
BB;03;America/Barbados
BB;04;America/Barbados
BB;07;America/Barbados
BB;08;America/Barbados
BB;09;America/Barbados
BB;10;America/Barbados
BB;11;America/Barbados
BD;81;Asia/Dhaka
BD;82;Asia/Dhaka
BD;83;Asia/Dhaka
BD;84;Asia/Dhaka
BD;85;Asia/Dhaka
BD;86;Asia/Dhaka
BD;87;Asia/Dhaka
BD;Unknown;Asia/Dhaka
BE;01;Europe/Brussels
BE;03;Europe/Brussels
BE;04;Europe/Brussels
BE;05;Europe/Brussels
BE;06;Europe/Brussels
BE;07;Europe/Brussels
BE;08;Europe/Brussels
BE;09;Europe/Brussels
BE;10;Europe/Brussels
BE;11;Europe/Brussels
BE;12;Europe/Brussels
BE;Unknown;Europe/Brussels
BF;51;Africa/Ouagadougou
BF;53;Africa/Ouagadougou
BF;Unknown;Africa/Ouagadougou
BG;33;Europe/Sofia
BG;38;Europe/Sofia
BG;39;Europe/Sofia
BG;40;Europe/Sofia
BG;41;Europe/Sofia
BG;42;Europe/Sofia
BG;43;Europe/Sofia
BG;44;Europe/Sofia
BG;45;Europe/Sofia
BG;46;Europe/Sofia
BG;47;Europe/Sofia
BG;48;Europe/Sofia
BG;49;Europe/Sofia
BG;50;Europe/Sofia
BG;51;Europe/Sofia
BG;52;Europe/Sofia
BG;53;Europe/Sofia
BG;54;Europe/Sofia
BG;55;Europe/Sofia
BG;56;Europe/Sofia
BG;57;Europe/Sofia
BG;58;Europe/Sofia
BG;59;Europe/Sofia
BG;60;Europe/Sofia
BG;61;Europe/Sofia
BG;62;Europe/Sofia
BG;63;Europe/Sofia
BG;64;Europe/Sofia
BG;65;Europe/Sofia
BG;Unknown;Europe/Sofia
BH;00;Asia/Bahrain
BH;15;Asia/Bahrain
BH;16;Asia/Bahrain
BH;17;Asia/Bahrain
BH;18;Asia/Bahrain
BH;19;Asia/Bahrain
BH;Unknown;Asia/Bahrain
BI;02;Africa/Bujumbura
BI;Unknown;Africa/Bujumbura
BJ;10;Africa/Porto-Novo
BJ;14;Africa/Porto-Novo
BJ;Unknown;Africa/Porto-Novo
BM;03;Atlantic/Bermuda
BM;06;Atlantic/Bermuda
BM;Unknown;Atlantic/Bermuda
BN;00;Asia/Brunei
BO;01;America/La_Paz
BO;02;America/La_Paz
BO;03;America/La_Paz
BO;04;America/La_Paz
BO;05;America/La_Paz
BO;07;America/La_Paz
BO;08;America/La_Paz
BO;09;America/La_Paz
BO;Unknown;America/La_Paz
BR;01;America/Sao_Paulo
BR;02;America/Sao_Paulo
BR;03;America/Sao_Paulo
BR;04;America/Sao_Paulo
BR;05;America/Sao_Paulo
BR;06;America/Sao_Paulo
BR;07;America/Sao_Paulo
BR;08;America/Sao_Paulo
BR;11;America/Sao_Paulo
BR;13;America/Sao_Paulo
BR;14;America/Sao_Paulo
BR;15;America/Sao_Paulo
BR;16;America/Sao_Paulo
BR;17;America/Sao_Paulo
BR;18;America/Sao_Paulo
BR;20;America/Sao_Paulo
BR;21;America/Sao_Paulo
BR;22;America/Sao_Paulo
BR;23;America/Sao_Paulo
BR;24;America/Sao_Paulo
BR;26;America/Sao_Paulo
BR;27;America/Sao_Paulo
BR;28;America/Sao_Paulo
BR;29;America/Sao_Paulo
BR;30;America/Sao_Paulo
BR;31;America/Sao_Paulo
BR;Unknown;America/Sao_Paulo
BS;00;America/Nassau
BS;22;America/Nassau
BS;23;America/Nassau
BS;25;America/Nassau
BS;31;America/Nassau
BT;06;Asia/Thimphu
BT;17;Asia/Thimphu
BT;20;Asia/Thimphu
BT;Unknown;Asia/Thimphu
BW;00;Africa/Gaborone
BW;01;Africa/Gaborone
BW;05;Africa/Gaborone
BW;06;Africa/Gaborone
BW;08;Africa/Gaborone
BW;09;Africa/Gaborone
BW;10;Africa/Gaborone
BW;11;Africa/Gaborone
BW;Unknown;Africa/Gaborone
BY;01;Europe/Minsk
BY;02;Europe/Minsk
BY;03;Europe/Minsk
BY;04;Europe/Minsk
BY;05;Europe/Minsk
BY;06;Europe/Minsk
BY;07;Europe/Minsk
BY;Unknown;Europe/Minsk
BZ;01;America/Belize
BZ;02;America/Belize
BZ;03;America/Belize
BZ;04;America/Belize
BZ;05;America/Belize
BZ;06;America/Belize
BZ;Unknown;America/Belize
CA;AB;America/Dawson_Creek
CA;BC;America/Vancouver
CA;MB;America/Winnipeg
CA;NB;America/St_Johns
CA;NL;America/St_Johns
CA;NS;America/Halifax
CA;NT;America/Yellowknife
CA;NU;America/Iqaluit
CA;ON;America/Thunder_Bay
CA;PE;America/Halifax
CA;QC;America/Toronto
CA;SK;America/Regina
CA;Unknown;America/Swift_Current
CA;YT;America/Whitehorse
CD;05;Africa/Kinshasa
CD;06;Africa/Kinshasa
CD;Unknown;Africa/Kinshasa
CF;Unknown;Africa/Bangui
CG;12;Africa/Brazzaville
CG;Unknown;Africa/Brazzaville
CH;01;Europe/Zurich
CH;02;Europe/Zurich
CH;03;Europe/Zurich
CH;04;Europe/Zurich
CH;05;Europe/Zurich
CH;06;Europe/Zurich
CH;07;Europe/Zurich
CH;08;Europe/Zurich
CH;09;Europe/Zurich
CH;10;Europe/Zurich
CH;11;Europe/Zurich
CH;12;Europe/Zurich
CH;13;Europe/Zurich
CH;14;Europe/Zurich
CH;15;Europe/Zurich
CH;16;Europe/Zurich
CH;17;Europe/Zurich
CH;18;Europe/Zurich
CH;19;Europe/Zurich
CH;20;Europe/Zurich
CH;21;Europe/Zurich
CH;22;Europe/Zurich
CH;23;Europe/Zurich
CH;24;Europe/Zurich
CH;25;Europe/Zurich
CH;26;Europe/Zurich
CH;Unknown;Europe/Zurich
CI;82;Africa/Abidjan
CI;Unknown;Africa/Abidjan
CK;00;Pacific/Rarotonga
CK;Unknown;Pacific/Rarotonga
CL;01;America/Santiago
CL;02;America/Santiago
CL;03;America/Santiago
CL;04;America/Santiago
CL;05;America/Santiago
CL;06;America/Santiago
CL;07;America/Santiago
CL;08;America/Santiago
CL;10;America/Santiago
CL;11;America/Santiago
CL;12;America/Santiago
CL;14;America/Santiago
CL;15;America/Santiago
CL;16;America/Santiago
CL;17;America/Santiago
CL;Unknown;America/Santiago
CM;05;Africa/Douala
CM;07;Africa/Douala
CM;08;Africa/Douala
CM;09;Africa/Douala
CM;11;Africa/Douala
CM;13;Africa/Douala
CM;Unknown;Africa/Douala
CN;01;Asia/Shanghai
CN;02;Asia/Shanghai
CN;03;Asia/Shanghai
CN;04;Asia/Shanghai
CN;05;Asia/Shanghai
CN;06;Asia/Shanghai
CN;07;Asia/Shanghai
CN;08;Asia/Shanghai
CN;09;Asia/Shanghai
CN;10;Asia/Shanghai
CN;11;Asia/Shanghai
CN;12;Asia/Shanghai
CN;13;Asia/Shanghai
CN;14;Asia/Shanghai
CN;15;Asia/Shanghai
CN;16;Asia/Shanghai
CN;18;Asia/Shanghai
CN;19;Asia/Shanghai
CN;20;Asia/Shanghai
CN;21;Asia/Shanghai
CN;22;Asia/Shanghai
CN;23;Asia/Shanghai
CN;24;Asia/Shanghai
CN;25;Asia/Shanghai
CN;26;Asia/Shanghai
CN;28;Asia/Shanghai
CN;29;Asia/Shanghai
CN;30;Asia/Shanghai
CN;31;Asia/Shanghai
CN;32;Asia/Shanghai
CN;33;Asia/Shanghai
CN;Unknown;Asia/Shanghai
CO;02;America/Bogota
CO;04;America/Bogota
CO;09;America/Bogota
CO;10;America/Bogota
CO;12;America/Bogota
CO;16;America/Bogota
CO;17;America/Bogota
CO;19;America/Bogota
CO;20;America/Bogota
CO;21;America/Bogota
CO;23;America/Bogota
CO;24;America/Bogota
CO;25;America/Bogota
CO;26;America/Bogota
CO;27;America/Bogota
CO;28;America/Bogota
CO;29;America/Bogota
CO;32;America/Bogota
CO;33;America/Bogota
CO;34;America/Bogota
CO;35;America/Bogota
CO;36;America/Bogota
CO;37;America/Bogota
CO;38;America/Bogota
CO;Unknown;America/Bogota
CR;01;America/Costa_Rica
CR;02;America/Costa_Rica
CR;03;America/Costa_Rica
CR;04;America/Costa_Rica
CR;06;America/Costa_Rica
CR;07;America/Costa_Rica
CR;08;America/Costa_Rica
CR;Unknown;America/Costa_Rica
CV;00;Atlantic/Cape_Verde
CV;17;Atlantic/Cape_Verde
CV;Unknown;Atlantic/Cape_Verde
CY;01;Asia/Nicosia
CY;02;Asia/Nicosia
CY;03;Asia/Nicosia
CY;04;Asia/Nicosia
CY;05;Asia/Nicosia
CY;06;Asia/Nicosia
CY;Unknown;Asia/Nicosia
CZ;52;Europe/Prague
CZ;78;Europe/Prague
CZ;79;Europe/Prague
CZ;80;Europe/Prague
CZ;81;Europe/Prague
CZ;82;Europe/Prague
CZ;83;Europe/Prague
CZ;84;Europe/Prague
CZ;85;Europe/Prague
CZ;86;Europe/Prague
CZ;87;Europe/Prague
CZ;88;Europe/Prague
CZ;89;Europe/Prague
CZ;90;Europe/Prague
CZ;Unknown;Europe/Prague
DE;01;Europe/Berlin
DE;02;Europe/Berlin
DE;03;Europe/Berlin
DE;04;Europe/Berlin
DE;05;Europe/Berlin
DE;06;Europe/Berlin
DE;07;Europe/Berlin
DE;08;Europe/Berlin
DE;09;Europe/Berlin
DE;10;Europe/Berlin
DE;11;Europe/Berlin
DE;12;Europe/Berlin
DE;13;Europe/Berlin
DE;14;Europe/Berlin
DE;15;Europe/Berlin
DE;16;Europe/Berlin
DE;Unknown;Europe/Berlin
DJ;Unknown;Africa/Djibouti
DK;17;Europe/Copenhagen
DK;18;Europe/Copenhagen
DK;19;Europe/Copenhagen
DK;20;Europe/Copenhagen
DK;21;Europe/Copenhagen
DK;Unknown;Europe/Copenhagen
DM;04;America/Dominica
DM;05;America/Dominica
DM;Unknown;America/Dominica
DO;02;America/Santo_Domingo
DO;05;America/Santo_Domingo
DO;08;America/Santo_Domingo
DO;10;America/Santo_Domingo
DO;12;America/Santo_Domingo
DO;14;America/Santo_Domingo
DO;15;America/Santo_Domingo
DO;17;America/Santo_Domingo
DO;18;America/Santo_Domingo
DO;24;America/Santo_Domingo
DO;25;America/Santo_Domingo
DO;31;America/Santo_Domingo
DO;33;America/Santo_Domingo
DO;34;America/Santo_Domingo
DO;Unknown;America/Santo_Domingo
DZ;01;Africa/Algiers
DZ;03;Africa/Algiers
DZ;04;Africa/Algiers
DZ;07;Africa/Algiers
DZ;09;Africa/Algiers
DZ;12;Africa/Algiers
DZ;13;Africa/Algiers
DZ;14;Africa/Algiers
DZ;15;Africa/Algiers
DZ;18;Africa/Algiers
DZ;19;Africa/Algiers
DZ;20;Africa/Algiers
DZ;21;Africa/Algiers
DZ;22;Africa/Algiers
DZ;24;Africa/Algiers
DZ;26;Africa/Algiers
DZ;31;Africa/Algiers
DZ;33;Africa/Algiers
DZ;38;Africa/Algiers
DZ;39;Africa/Algiers
DZ;41;Africa/Algiers
DZ;46;Africa/Algiers
DZ;48;Africa/Algiers
DZ;50;Africa/Algiers
DZ;53;Africa/Algiers
DZ;55;Africa/Algiers
DZ;Unknown;Africa/Algiers
EC;02;America/Guayaquil
EC;04;America/Guayaquil
EC;06;America/Guayaquil
EC;07;America/Guayaquil
EC;08;America/Guayaquil
EC;09;America/Guayaquil
EC;10;America/Guayaquil
EC;11;America/Guayaquil
EC;12;America/Guayaquil
EC;13;America/Guayaquil
EC;14;America/Guayaquil
EC;17;America/Guayaquil
EC;18;America/Guayaquil
EC;19;America/Guayaquil
EC;Unknown;America/Guayaquil
EE;01;Europe/Tallinn
EE;03;Europe/Tallinn
EE;04;Europe/Tallinn
EE;05;Europe/Tallinn
EE;07;Europe/Tallinn
EE;08;Europe/Tallinn
EE;11;Europe/Tallinn
EE;12;Europe/Tallinn
EE;13;Europe/Tallinn
EE;14;Europe/Tallinn
EE;18;Europe/Tallinn
EE;19;Europe/Tallinn
EE;20;Europe/Tallinn
EE;21;Europe/Tallinn
EE;Unknown;Europe/Tallinn
EG;01;Africa/Cairo
EG;02;Africa/Cairo
EG;03;Africa/Cairo
EG;04;Africa/Cairo
EG;05;Africa/Cairo
EG;06;Africa/Cairo
EG;07;Africa/Cairo
EG;08;Africa/Cairo
EG;10;Africa/Cairo
EG;11;Africa/Cairo
EG;12;Africa/Cairo
EG;14;Africa/Cairo
EG;15;Africa/Cairo
EG;16;Africa/Cairo
EG;17;Africa/Cairo
EG;19;Africa/Cairo
EG;20;Africa/Cairo
EG;21;Africa/Cairo
EG;24;Africa/Cairo
EG;28;Africa/Cairo
EG;Unknown;Africa/Cairo
ER;00;Africa/Asmara
ER;Unknown;Africa/Asmara
ES;07;Europe/Madrid
ES;27;Europe/Madrid
ES;29;Europe/Madrid
ES;31;Europe/Madrid
ES;32;Europe/Madrid
ES;34;Europe/Madrid
ES;39;Europe/Madrid
ES;51;Europe/Madrid
ES;52;Europe/Madrid
ES;53;Europe/Madrid
ES;54;Europe/Madrid
ES;55;Europe/Madrid
ES;56;Europe/Madrid
ES;57;Europe/Madrid
ES;58;Europe/Madrid
ES;59;Europe/Madrid
ES;60;Europe/Madrid
ES;Unknown;Europe/Madrid
ET;44;Africa/Addis_Ababa
ET;45;Africa/Addis_Ababa
ET;46;Africa/Addis_Ababa
ET;47;Africa/Addis_Ababa
ET;48;Africa/Addis_Ababa
ET;49;Africa/Addis_Ababa
ET;51;Africa/Addis_Ababa
ET;52;Africa/Addis_Ababa
ET;53;Africa/Addis_Ababa
ET;54;Africa/Addis_Ababa
ET;Unknown;Africa/Addis_Ababa
EU;Unknown;
FI;06;Europe/Helsinki
FI;08;Europe/Helsinki
FI;13;Europe/Helsinki
FI;14;Europe/Helsinki
FI;15;Europe/Helsinki
FI;Unknown;Europe/Helsinki
FJ;01;Pacific/Fiji
FJ;05;Pacific/Fiji
FJ;Unknown;Pacific/Fiji
FK;00;Atlantic/Stanley
FM;00;Pacific/Chuuk
FM;Unknown;Pacific/Chuuk
FO;00;Atlantic/Faroe
FO;Unknown;Atlantic/Faroe
FR;97;Europe/Paris
FR;98;Europe/Paris
FR;99;Europe/Paris
FR;A1;Europe/Paris
FR;A2;Europe/Paris
FR;A3;Europe/Paris
FR;A4;Europe/Paris
FR;A5;Europe/Paris
FR;A6;Europe/Paris
FR;A7;Europe/Paris
FR;A8;Europe/Paris
FR;A9;Europe/Paris
FR;B1;Europe/Paris
FR;B2;Europe/Paris
FR;B3;Europe/Paris
FR;B4;Europe/Paris
FR;B5;Europe/Paris
FR;B6;Europe/Paris
FR;B7;Europe/Paris
FR;B8;Europe/Paris
FR;B9;Europe/Paris
FR;C1;Europe/Paris
FR;Unknown;Europe/Paris
FX;00;Europe/Paris
FX;Unknown;Europe/Paris
GA;01;Africa/Libreville
GA;Unknown;Africa/Libreville
GB;A1;Europe/London
GB;A2;Europe/London
GB;A3;Europe/London
GB;A4;Europe/London
GB;A5;Europe/London
GB;A6;Europe/London
GB;A7;Europe/London
GB;A8;Europe/London
GB;A9;Europe/London
GB;B1;Europe/London
GB;B2;Europe/London
GB;B3;Europe/London
GB;B4;Europe/London
GB;B5;Europe/London
GB;B6;Europe/London
GB;B7;Europe/London
GB;B8;Europe/London
GB;B9;Europe/London
GB;C1;Europe/London
GB;C2;Europe/London
GB;C3;Europe/London
GB;C4;Europe/London
GB;C5;Europe/London
GB;C6;Europe/London
GB;C7;Europe/London
GB;C8;Europe/London
GB;C9;Europe/London
GB;D1;Europe/London
GB;D2;Europe/London
GB;D3;Europe/London
GB;D4;Europe/London
GB;D5;Europe/London
GB;D6;Europe/London
GB;D7;Europe/London
GB;D8;Europe/London
GB;D9;Europe/London
GB;E1;Europe/London
GB;E2;Europe/London
GB;E3;Europe/London
GB;E4;Europe/London
GB;E5;Europe/London
GB;E6;Europe/London
GB;E7;Europe/London
GB;E8;Europe/London
GB;E9;Europe/London
GB;F1;Europe/London
GB;F2;Europe/London
GB;F3;Europe/London
GB;F4;Europe/London
GB;F5;Europe/London
GB;F6;Europe/London
GB;F7;Europe/London
GB;F8;Europe/London
GB;F9;Europe/London
GB;G1;Europe/London
GB;G2;Europe/London
GB;G3;Europe/London
GB;G4;Europe/London
GB;G5;Europe/London
GB;G6;Europe/London
GB;G7;Europe/London
GB;G8;Europe/London
GB;G9;Europe/London
GB;H1;Europe/London
GB;H2;Europe/London
GB;H3;Europe/London
GB;H4;Europe/London
GB;H5;Europe/London
GB;H6;Europe/London
GB;H7;Europe/London
GB;H8;Europe/London
GB;H9;Europe/London
GB;I1;Europe/London
GB;I2;Europe/London
GB;I3;Europe/London
GB;I4;Europe/London
GB;I5;Europe/London
GB;I6;Europe/London
GB;I7;Europe/London
GB;I8;Europe/London
GB;I9;Europe/London
GB;J1;Europe/London
GB;J2;Europe/London
GB;J3;Europe/London
GB;J4;Europe/London
GB;J5;Europe/London
GB;J6;Europe/London
GB;J7;Europe/London
GB;J8;Europe/London
GB;J9;Europe/London
GB;K1;Europe/London
GB;K2;Europe/London
GB;K3;Europe/London
GB;K4;Europe/London
GB;K5;Europe/London
GB;K6;Europe/London
GB;K7;Europe/London
GB;K8;Europe/London
GB;K9;Europe/London
GB;L1;Europe/London
GB;L2;Europe/London
GB;L3;Europe/London
GB;L4;Europe/London
GB;L5;Europe/London
GB;L6;Europe/London
GB;L7;Europe/London
GB;L8;Europe/London
GB;L9;Europe/London
GB;M1;Europe/London
GB;M2;Europe/London
GB;M3;Europe/London
GB;M4;Europe/London
GB;M5;Europe/London
GB;M6;Europe/London
GB;M7;Europe/London
GB;M8;Europe/London
GB;M9;Europe/London
GB;N1;Europe/London
GB;N2;Europe/London
GB;N3;Europe/London
GB;N4;Europe/London
GB;N5;Europe/London
GB;N6;Europe/London
GB;N7;Europe/London
GB;N8;Europe/London
GB;N9;Europe/London
GB;O1;Europe/London
GB;O2;Europe/London
GB;O3;Europe/London
GB;O4;Europe/London
GB;O5;Europe/London
GB;O6;Europe/London
GB;O7;Europe/London
GB;O8;Europe/London
GB;O9;Europe/London
GB;P1;Europe/London
GB;P2;Europe/London
GB;P3;Europe/London
GB;P4;Europe/London
GB;P5;Europe/London
GB;P6;Europe/London
GB;P7;Europe/London
GB;P8;Europe/London
GB;P9;Europe/London
GB;Q1;Europe/London
GB;Q2;Europe/London
GB;Q3;Europe/London
GB;Q4;Europe/London
GB;Q5;Europe/London
GB;Q6;Europe/London
GB;Q7;Europe/London
GB;Q8;Europe/London
GB;Q9;Europe/London
GB;R1;Europe/London
GB;R2;Europe/London
GB;R3;Europe/London
GB;R4;Europe/London
GB;R5;Europe/London
GB;R6;Europe/London
GB;R7;Europe/London
GB;R8;Europe/London
GB;R9;Europe/London
GB;S1;Europe/London
GB;S2;Europe/London
GB;S3;Europe/London
GB;S4;Europe/London
GB;S5;Europe/London
GB;S6;Europe/London
GB;S7;Europe/London
GB;S8;Europe/London
GB;S9;Europe/London
GB;T1;Europe/London
GB;T2;Europe/London
GB;T3;Europe/London
GB;T4;Europe/London
GB;T5;Europe/London
GB;T6;Europe/London
GB;T7;Europe/London
GB;T8;Europe/London
GB;T9;Europe/London
GB;U1;Europe/London
GB;U2;Europe/London
GB;U3;Europe/London
GB;U4;Europe/London
GB;U5;Europe/London
GB;U6;Europe/London
GB;U7;Europe/London
GB;U8;Europe/London
GB;U9;Europe/London
GB;Unknown;Europe/London
GB;V1;Europe/London
GB;V2;Europe/London
GB;V3;Europe/London
GB;V4;Europe/London
GB;V5;Europe/London
GB;V6;Europe/London
GB;V7;Europe/London
GB;V8;Europe/London
GB;V9;Europe/London
GB;W1;Europe/London
GB;W2;Europe/London
GB;W3;Europe/London
GB;W4;Europe/London
GB;W5;Europe/London
GB;W6;Europe/London
GB;W7;Europe/London
GB;W8;Europe/London
GB;W9;Europe/London
GB;X1;Europe/London
GB;X2;Europe/London
GB;X3;Europe/London
GB;X4;Europe/London
GB;X5;Europe/London
GB;X6;Europe/London
GB;X7;Europe/London
GB;X8;Europe/London
GB;X9;Europe/London
GB;Y1;Europe/London
GB;Y2;Europe/London
GB;Y3;Europe/London
GB;Y4;Europe/London
GB;Y5;Europe/London
GB;Y6;Europe/London
GB;Y7;Europe/London
GB;Y8;Europe/London
GB;Y9;Europe/London
GB;Z1;Europe/London
GB;Z2;Europe/London
GB;Z3;Europe/London
GB;Z4;Europe/London
GB;Z5;Europe/London
GB;Z6;Europe/London
GB;Z7;Europe/London
GB;Z8;Europe/London
GD;03;America/Grenada
GD;Unknown;America/Grenada
GE;04;Asia/Tbilisi
GE;19;Asia/Tbilisi
GE;22;Asia/Tbilisi
GE;61;Asia/Tbilisi
GE;62;Asia/Tbilisi
GE;Unknown;Asia/Tbilisi
GF;00;America/Cayenne
GF;Unknown;America/Cayenne
GG;00;Europe/Guernsey
GG;Unknown;Europe/Guernsey
GH;01;Africa/Accra
GH;02;Africa/Accra
GH;03;Africa/Accra
GH;04;Africa/Accra
GH;06;Africa/Accra
GH;08;Africa/Accra
GH;09;Africa/Accra
GH;10;Africa/Accra
GH;Unknown;Africa/Accra
GI;00;Europe/Gibraltar
GI;Unknown;Europe/Gibraltar
GL;01;America/Godthab
GL;03;America/Godthab
GL;Unknown;America/Godthab
GM;01;Africa/Banjul
GM;05;Africa/Banjul
GM;Unknown;Africa/Banjul
GN;04;Africa/Conakry
GN;Unknown;Africa/Conakry
GP;00;America/Guadeloupe
GP;Unknown;America/Guadeloupe
GQ;Unknown;Africa/Malabo
GR;01;Europe/Athens
GR;02;Europe/Athens
GR;03;Europe/Athens
GR;04;Europe/Athens
GR;05;Europe/Athens
GR;06;Europe/Athens
GR;07;Europe/Athens
GR;08;Europe/Athens
GR;09;Europe/Athens
GR;10;Europe/Athens
GR;11;Europe/Athens
GR;12;Europe/Athens
GR;13;Europe/Athens
GR;14;Europe/Athens
GR;16;Europe/Athens
GR;17;Europe/Athens
GR;18;Europe/Athens
GR;19;Europe/Athens
GR;20;Europe/Athens
GR;21;Europe/Athens
GR;22;Europe/Athens
GR;23;Europe/Athens
GR;24;Europe/Athens
GR;25;Europe/Athens
GR;26;Europe/Athens
GR;27;Europe/Athens
GR;28;Europe/Athens
GR;29;Europe/Athens
GR;31;Europe/Athens
GR;33;Europe/Athens
GR;34;Europe/Athens
GR;35;Europe/Athens
GR;36;Europe/Athens
GR;37;Europe/Athens
GR;38;Europe/Athens
GR;39;Europe/Athens
GR;40;Europe/Athens
GR;41;Europe/Athens
GR;42;Europe/Athens
GR;43;Europe/Athens
GR;44;Europe/Athens
GR;45;Europe/Athens
GR;46;Europe/Athens
GR;47;Europe/Athens
GR;49;Europe/Athens
GR;50;Europe/Athens
GR;51;Europe/Athens
GR;Unknown;Europe/Athens
GT;07;America/Guatemala
GT;08;America/Guatemala
GT;11;America/Guatemala
GT;13;America/Guatemala
GT;16;America/Guatemala
GT;17;America/Guatemala
GT;19;America/Guatemala
GT;22;America/Guatemala
GT;Unknown;America/Guatemala
GU;00;Pacific/Guam
GU;Unknown;Pacific/Guam
GW;11;Africa/Bissau
GW;Unknown;Africa/Bissau
GY;11;America/Guyana
GY;12;America/Guyana
GY;13;America/Guyana
GY;14;America/Guyana
GY;18;America/Guyana
HK;00;Asia/Hong_Kong
HK;Unknown;Asia/Hong_Kong
HN;01;America/Tegucigalpa
HN;03;America/Tegucigalpa
HN;04;America/Tegucigalpa
HN;05;America/Tegucigalpa
HN;06;America/Tegucigalpa
HN;07;America/Tegucigalpa
HN;08;America/Tegucigalpa
HN;10;America/Tegucigalpa
HN;11;America/Tegucigalpa
HN;15;America/Tegucigalpa
HN;16;America/Tegucigalpa
HN;18;America/Tegucigalpa
HN;Unknown;America/Tegucigalpa
HR;01;Europe/Zagreb
HR;02;Europe/Zagreb
HR;03;Europe/Zagreb
HR;04;Europe/Zagreb
HR;05;Europe/Zagreb
HR;06;Europe/Zagreb
HR;07;Europe/Zagreb
HR;08;Europe/Zagreb
HR;09;Europe/Zagreb
HR;10;Europe/Zagreb
HR;11;Europe/Zagreb
HR;12;Europe/Zagreb
HR;13;Europe/Zagreb
HR;14;Europe/Zagreb
HR;15;Europe/Zagreb
HR;16;Europe/Zagreb
HR;17;Europe/Zagreb
HR;18;Europe/Zagreb
HR;19;Europe/Zagreb
HR;20;Europe/Zagreb
HR;21;Europe/Zagreb
HR;Unknown;Europe/Zagreb
HT;11;America/Port-au-Prince
HT;Unknown;America/Port-au-Prince
HU;01;Europe/Budapest
HU;02;Europe/Budapest
HU;03;Europe/Budapest
HU;04;Europe/Budapest
HU;05;Europe/Budapest
HU;06;Europe/Budapest
HU;07;Europe/Budapest
HU;08;Europe/Budapest
HU;09;Europe/Budapest
HU;10;Europe/Budapest
HU;11;Europe/Budapest
HU;12;Europe/Budapest
HU;13;Europe/Budapest
HU;14;Europe/Budapest
HU;15;Europe/Budapest
HU;16;Europe/Budapest
HU;17;Europe/Budapest
HU;18;Europe/Budapest
HU;19;Europe/Budapest
HU;20;Europe/Budapest
HU;21;Europe/Budapest
HU;22;Europe/Budapest
HU;23;Europe/Budapest
HU;24;Europe/Budapest
HU;25;Europe/Budapest
HU;Unknown;Europe/Budapest
ID;01;Asia/Jakarta
ID;02;Asia/Jakarta
ID;03;Asia/Jakarta
ID;04;Asia/Jakarta
ID;07;Asia/Jakarta
ID;08;Asia/Jakarta
ID;10;Asia/Jakarta
ID;11;Asia/Jakarta
ID;12;Asia/Jakarta
ID;13;Asia/Jakarta
ID;14;Asia/Jakarta
ID;17;Asia/Jakarta
ID;18;Asia/Jakarta
ID;21;Asia/Jakarta
ID;24;Asia/Jakarta
ID;26;Asia/Jakarta
ID;28;Asia/Jakarta
ID;30;Asia/Jakarta
ID;31;Asia/Jakarta
ID;32;Asia/Jakarta
ID;33;Asia/Jakarta
ID;35;Asia/Jakarta
ID;36;Asia/Jakarta
ID;37;Asia/Jakarta
ID;38;Asia/Jakarta
ID;39;Asia/Jakarta
ID;40;Asia/Jakarta
ID;41;Asia/Jakarta
ID;Unknown;Asia/Jakarta
IE;00;Europe/Dublin
IE;01;Europe/Dublin
IE;02;Europe/Dublin
IE;03;Europe/Dublin
IE;04;Europe/Dublin
IE;06;Europe/Dublin
IE;07;Europe/Dublin
IE;10;Europe/Dublin
IE;11;Europe/Dublin
IE;12;Europe/Dublin
IE;13;Europe/Dublin
IE;14;Europe/Dublin
IE;15;Europe/Dublin
IE;16;Europe/Dublin
IE;18;Europe/Dublin
IE;19;Europe/Dublin
IE;20;Europe/Dublin
IE;21;Europe/Dublin
IE;22;Europe/Dublin
IE;23;Europe/Dublin
IE;24;Europe/Dublin
IE;25;Europe/Dublin
IE;26;Europe/Dublin
IE;27;Europe/Dublin
IE;29;Europe/Dublin
IE;30;Europe/Dublin
IE;31;Europe/Dublin
IE;Unknown;Europe/Dublin
IL;00;Asia/Jerusalem
IL;01;Asia/Jerusalem
IL;02;Asia/Jerusalem
IL;03;Asia/Jerusalem
IL;04;Asia/Jerusalem
IL;05;Asia/Jerusalem
IL;06;Asia/Jerusalem
IL;Unknown;Asia/Jerusalem
IM;00;Europe/Isle_of_Man
IM;Unknown;Europe/Isle_of_Man
IN;01;Asia/Kolkata
IN;02;Asia/Kolkata
IN;03;Asia/Kolkata
IN;05;Asia/Kolkata
IN;06;Asia/Kolkata
IN;07;Asia/Kolkata
IN;09;Asia/Kolkata
IN;10;Asia/Kolkata
IN;11;Asia/Kolkata
IN;12;Asia/Kolkata
IN;13;Asia/Kolkata
IN;16;Asia/Kolkata
IN;17;Asia/Kolkata
IN;18;Asia/Kolkata
IN;19;Asia/Kolkata
IN;20;Asia/Kolkata
IN;21;Asia/Kolkata
IN;22;Asia/Kolkata
IN;23;Asia/Kolkata
IN;24;Asia/Kolkata
IN;25;Asia/Kolkata
IN;26;Asia/Kolkata
IN;28;Asia/Kolkata
IN;29;Asia/Kolkata
IN;30;Asia/Kolkata
IN;31;Asia/Kolkata
IN;32;Asia/Kolkata
IN;33;Asia/Kolkata
IN;34;Asia/Kolkata
IN;35;Asia/Kolkata
IN;36;Asia/Kolkata
IN;37;Asia/Kolkata
IN;38;Asia/Kolkata
IN;39;Asia/Kolkata
IN;Unknown;Asia/Kolkata
IO;Unknown;Indian/Chagos
IQ;01;Asia/Baghdad
IQ;02;Asia/Baghdad
IQ;03;Asia/Baghdad
IQ;05;Asia/Baghdad
IQ;06;Asia/Baghdad
IQ;07;Asia/Baghdad
IQ;08;Asia/Baghdad
IQ;09;Asia/Baghdad
IQ;11;Asia/Baghdad
IQ;12;Asia/Baghdad
IQ;13;Asia/Baghdad
IQ;14;Asia/Baghdad
IQ;17;Asia/Baghdad
IQ;Unknown;Asia/Baghdad
IS;38;Atlantic/Reykjavik
IS;39;Atlantic/Reykjavik
IS;40;Atlantic/Reykjavik
IS;41;Atlantic/Reykjavik
IS;42;Atlantic/Reykjavik
IS;43;Atlantic/Reykjavik
IS;44;Atlantic/Reykjavik
IS;45;Atlantic/Reykjavik
IS;Unknown;Atlantic/Reykjavik
IT;01;Europe/Rome
IT;02;Europe/Rome
IT;03;Europe/Rome
IT;04;Europe/Rome
IT;05;Europe/Rome
IT;06;Europe/Rome
IT;07;Europe/Rome
IT;08;Europe/Rome
IT;09;Europe/Rome
IT;10;Europe/Rome
IT;11;Europe/Rome
IT;12;Europe/Rome
IT;13;Europe/Rome
IT;14;Europe/Rome
IT;15;Europe/Rome
IT;16;Europe/Rome
IT;17;Europe/Rome
IT;18;Europe/Rome
IT;19;Europe/Rome
IT;20;Europe/Rome
IT;Unknown;Europe/Rome
JE;00;Europe/Jersey
JE;Unknown;Europe/Jersey
JM;01;America/Jamaica
JM;04;America/Jamaica
JM;07;America/Jamaica
JM;08;America/Jamaica
JM;09;America/Jamaica
JM;10;America/Jamaica
JM;12;America/Jamaica
JM;16;America/Jamaica
JO;02;Asia/Amman
JO;21;Asia/Amman
JO;Unknown;Asia/Amman
JP;00;Asia/Tokyo
JP;01;Asia/Tokyo
JP;02;Asia/Tokyo
JP;03;Asia/Tokyo
JP;04;Asia/Tokyo
JP;05;Asia/Tokyo
JP;06;Asia/Tokyo
JP;07;Asia/Tokyo
JP;08;Asia/Tokyo
JP;09;Asia/Tokyo
JP;10;Asia/Tokyo
JP;11;Asia/Tokyo
JP;12;Asia/Tokyo
JP;13;Asia/Tokyo
JP;14;Asia/Tokyo
JP;15;Asia/Tokyo
JP;16;Asia/Tokyo
JP;17;Asia/Tokyo
JP;18;Asia/Tokyo
JP;19;Asia/Tokyo
JP;20;Asia/Tokyo
JP;21;Asia/Tokyo
JP;22;Asia/Tokyo
JP;23;Asia/Tokyo
JP;24;Asia/Tokyo
JP;25;Asia/Tokyo
JP;26;Asia/Tokyo
JP;27;Asia/Tokyo
JP;28;Asia/Tokyo
JP;29;Asia/Tokyo
JP;30;Asia/Tokyo
JP;31;Asia/Tokyo
JP;32;Asia/Tokyo
JP;33;Asia/Tokyo
JP;34;Asia/Tokyo
JP;35;Asia/Tokyo
JP;36;Asia/Tokyo
JP;37;Asia/Tokyo
JP;38;Asia/Tokyo
JP;39;Asia/Tokyo
JP;40;Asia/Tokyo
JP;41;Asia/Tokyo
JP;42;Asia/Tokyo
JP;43;Asia/Tokyo
JP;44;Asia/Tokyo
JP;45;Asia/Tokyo
JP;46;Asia/Tokyo
JP;47;Asia/Tokyo
JP;Unknown;Asia/Tokyo
KE;00;Africa/Nairobi
KE;01;Africa/Nairobi
KE;02;Africa/Nairobi
KE;03;Africa/Nairobi
KE;05;Africa/Nairobi
KE;06;Africa/Nairobi
KE;07;Africa/Nairobi
KE;08;Africa/Nairobi
KE;09;Africa/Nairobi
KE;Unknown;Africa/Nairobi
KG;01;Asia/Bishkek
KG;03;Asia/Bishkek
KG;05;Asia/Bishkek
KG;Unknown;Asia/Bishkek
KH;04;Asia/Phnom_Penh
KH;07;Asia/Phnom_Penh
KH;11;Asia/Phnom_Penh
KH;25;Asia/Phnom_Penh
KH;Unknown;Asia/Phnom_Penh
KI;00;Pacific/Tarawa
KM;02;Indian/Comoro
KM;Unknown;Indian/Comoro
KN;03;America/St_Kitts
KN;07;America/St_Kitts
KN;09;America/St_Kitts
KN;Unknown;America/St_Kitts
KR;01;Asia/Seoul
KR;03;Asia/Seoul
KR;05;Asia/Seoul
KR;06;Asia/Seoul
KR;10;Asia/Seoul
KR;11;Asia/Seoul
KR;12;Asia/Seoul
KR;13;Asia/Seoul
KR;14;Asia/Seoul
KR;15;Asia/Seoul
KR;16;Asia/Seoul
KR;17;Asia/Seoul
KR;18;Asia/Seoul
KR;19;Asia/Seoul
KR;20;Asia/Seoul
KR;21;Asia/Seoul
KR;Unknown;Asia/Seoul
KW;02;Asia/Kuwait
KW;Unknown;Asia/Kuwait
KY;00;America/Cayman
KY;Unknown;America/Cayman
KZ;01;Asia/Almaty
KZ;02;Asia/Almaty
KZ;04;Asia/Almaty
KZ;05;Asia/Almaty
KZ;06;Asia/Almaty
KZ;07;Asia/Almaty
KZ;09;Asia/Almaty
KZ;10;Asia/Almaty
KZ;11;Asia/Almaty
KZ;12;Asia/Almaty
KZ;13;Asia/Almaty
KZ;15;Asia/Almaty
KZ;16;Asia/Almaty
KZ;17;Asia/Almaty
KZ;Unknown;Asia/Almaty
LA;11;Asia/Vientiane
LA;Unknown;Asia/Vientiane
LB;00;Asia/Beirut
LB;02;Asia/Beirut
LB;03;Asia/Beirut
LB;04;Asia/Beirut
LB;05;Asia/Beirut
LB;Unknown;Asia/Beirut
LC;03;America/St_Lucia
LC;06;America/St_Lucia
LC;10;America/St_Lucia
LC;Unknown;America/St_Lucia
LI;01;Europe/Vaduz
LI;02;Europe/Vaduz
LI;04;Europe/Vaduz
LI;06;Europe/Vaduz
LI;07;Europe/Vaduz
LI;09;Europe/Vaduz
LI;10;Europe/Vaduz
LI;11;Europe/Vaduz
LI;Unknown;Europe/Vaduz
LK;29;Asia/Colombo
LK;30;Asia/Colombo
LK;32;Asia/Colombo
LK;34;Asia/Colombo
LK;36;Asia/Colombo
LK;Unknown;Asia/Colombo
LR;14;Africa/Monrovia
LR;Unknown;Africa/Monrovia
LS;14;Africa/Maseru
LS;Unknown;Africa/Maseru
LT;56;Europe/Vilnius
LT;57;Europe/Vilnius
LT;58;Europe/Vilnius
LT;59;Europe/Vilnius
LT;60;Europe/Vilnius
LT;61;Europe/Vilnius
LT;62;Europe/Vilnius
LT;63;Europe/Vilnius
LT;64;Europe/Vilnius
LT;65;Europe/Vilnius
LT;Unknown;Europe/Vilnius
LU;01;Europe/Luxembourg
LU;02;Europe/Luxembourg
LU;03;Europe/Luxembourg
LU;Unknown;Europe/Luxembourg
LV;04;Europe/Riga
LV;05;Europe/Riga
LV;06;Europe/Riga
LV;08;Europe/Riga
LV;12;Europe/Riga
LV;14;Europe/Riga
LV;15;Europe/Riga
LV;16;Europe/Riga
LV;18;Europe/Riga
LV;21;Europe/Riga
LV;23;Europe/Riga
LV;25;Europe/Riga
LV;26;Europe/Riga
LV;27;Europe/Riga
LV;28;Europe/Riga
LV;29;Europe/Riga
LV;31;Europe/Riga
LV;32;Europe/Riga
LV;Unknown;Europe/Riga
LY;34;Africa/Tripoli
LY;54;Africa/Tripoli
LY;58;Africa/Tripoli
LY;61;Africa/Tripoli
LY;Unknown;Africa/Tripoli
MA;00;Africa/Casablanca
MA;45;Africa/Casablanca
MA;46;Africa/Casablanca
MA;47;Africa/Casablanca
MA;48;Africa/Casablanca
MA;49;Africa/Casablanca
MA;50;Africa/Casablanca
MA;51;Africa/Casablanca
MA;52;Africa/Casablanca
MA;54;Africa/Casablanca
MA;55;Africa/Casablanca
MA;56;Africa/Casablanca
MA;57;Africa/Casablanca
MA;58;Africa/Casablanca
MA;Unknown;Africa/Casablanca
MC;00;Europe/Monaco
MC;Unknown;Europe/Monaco
MD;51;Europe/Chisinau
MD;57;Europe/Chisinau
MD;58;Europe/Chisinau
MD;59;Europe/Chisinau
MD;60;Europe/Chisinau
MD;62;Europe/Chisinau
MD;64;Europe/Chisinau
MD;68;Europe/Chisinau
MD;76;Europe/Chisinau
MD;78;Europe/Chisinau
MD;80;Europe/Chisinau
MD;82;Europe/Chisinau
MD;89;Europe/Chisinau
MD;Unknown;Europe/Chisinau
ME;00;Europe/Podgorica
ME;Unknown;Europe/Podgorica
MF;00;America/Marigot
MG;02;Indian/Antananarivo
MG;03;Indian/Antananarivo
MG;04;Indian/Antananarivo
MG;05;Indian/Antananarivo
MG;06;Indian/Antananarivo
MG;Unknown;Indian/Antananarivo
MH;00;Pacific/Majuro
MH;Unknown;Pacific/Majuro
MK;04;Europe/Skopje
MK;06;Europe/Skopje
MK;22;Europe/Skopje
MK;33;Europe/Skopje
MK;36;Europe/Skopje
MK;41;Europe/Skopje
MK;43;Europe/Skopje
MK;46;Europe/Skopje
MK;52;Europe/Skopje
MK;57;Europe/Skopje
MK;59;Europe/Skopje
MK;69;Europe/Skopje
MK;72;Europe/Skopje
MK;83;Europe/Skopje
MK;84;Europe/Skopje
MK;86;Europe/Skopje
MK;98;Europe/Skopje
MK;99;Europe/Skopje
MK;A6;Europe/Skopje
MK;B3;Europe/Skopje
MK;D4;Europe/Skopje
MK;D6;Europe/Skopje
MK;E2;Europe/Skopje
MK;E3;Europe/Skopje
MK;E7;Europe/Skopje
MK;F1;Europe/Skopje
MK;F2;Europe/Skopje
MK;Unknown;Europe/Skopje
ML;01;Africa/Bamako
ML;Unknown;Africa/Bamako
MN;16;Asia/Ulaanbaatar
MN;20;Asia/Ulaanbaatar
MN;25;Asia/Ulaanbaatar
MN;Unknown;Asia/Ulaanbaatar
MO;01;Asia/Macau
MO;Unknown;Asia/Macau
MP;00;Pacific/Saipan
MP;Unknown;Pacific/Saipan
MQ;00;America/Martinique
MQ;Unknown;America/Martinique
MR;06;Africa/Nouakchott
MR;Unknown;Africa/Nouakchott
MS;01;America/Montserrat
MS;03;America/Montserrat
MS;Unknown;America/Montserrat
MT;00;Europe/Malta
MT;Unknown;Europe/Malta
MU;12;Indian/Mauritius
MU;13;Indian/Mauritius
MU;14;Indian/Mauritius
MU;15;Indian/Mauritius
MU;16;Indian/Mauritius
MU;17;Indian/Mauritius
MU;18;Indian/Mauritius
MU;19;Indian/Mauritius
MU;20;Indian/Mauritius
MU;23;Indian/Mauritius
MU;Unknown;Indian/Mauritius
MV;40;Indian/Maldives
MV;Unknown;Indian/Maldives
MW;11;Africa/Blantyre
MW;13;Africa/Blantyre
MW;24;Africa/Blantyre
MW;Unknown;Africa/Blantyre
MX;01;America/Mexico_City
MX;02;America/Mexico_City
MX;03;America/Mexico_City
MX;04;America/Mexico_City
MX;05;America/Mexico_City
MX;06;America/Mexico_City
MX;07;America/Mexico_City
MX;08;America/Mexico_City
MX;09;America/Mexico_City
MX;10;America/Mexico_City
MX;11;America/Mexico_City
MX;12;America/Mexico_City
MX;13;America/Mexico_City
MX;14;America/Mexico_City
MX;15;America/Mexico_City
MX;16;America/Mexico_City
MX;17;America/Mexico_City
MX;18;America/Mexico_City
MX;19;America/Mexico_City
MX;20;America/Mexico_City
MX;21;America/Mexico_City
MX;22;America/Mexico_City
MX;23;America/Mexico_City
MX;24;America/Mexico_City
MX;25;America/Mexico_City
MX;26;America/Mexico_City
MX;27;America/Mexico_City
MX;28;America/Mexico_City
MX;29;America/Mexico_City
MX;30;America/Mexico_City
MX;31;America/Mexico_City
MX;32;America/Mexico_City
MX;Unknown;America/Mexico_City
MY;00;Asia/Kuala_Lumpur
MY;01;Asia/Kuala_Lumpur
MY;02;Asia/Kuala_Lumpur
MY;03;Asia/Kuala_Lumpur
MY;04;Asia/Kuala_Lumpur
MY;05;Asia/Kuala_Lumpur
MY;06;Asia/Kuala_Lumpur
MY;07;Asia/Kuala_Lumpur
MY;08;Asia/Kuala_Lumpur
MY;09;Asia/Kuala_Lumpur
MY;11;Asia/Kuala_Lumpur
MY;12;Asia/Kuala_Lumpur
MY;13;Asia/Kuala_Lumpur
MY;14;Asia/Kuala_Lumpur
MY;15;Asia/Kuala_Lumpur
MY;16;Asia/Kuala_Lumpur
MY;17;Asia/Kuala_Lumpur
MY;Unknown;Asia/Kuala_Lumpur
MZ;01;Africa/Maputo
MZ;04;Africa/Maputo
MZ;05;Africa/Maputo
MZ;06;Africa/Maputo
MZ;Unknown;Africa/Maputo
NA;21;Africa/Windhoek
NA;28;Africa/Windhoek
NA;29;Africa/Windhoek
NA;30;Africa/Windhoek
NA;31;Africa/Windhoek
NA;32;Africa/Windhoek
NA;34;Africa/Windhoek
NA;35;Africa/Windhoek
NA;36;Africa/Windhoek
NA;37;Africa/Windhoek
NA;38;Africa/Windhoek
NA;39;Africa/Windhoek
NC;00;Pacific/Noumea
NC;Unknown;Pacific/Noumea
NE;08;Africa/Niamey
NE;Unknown;Africa/Niamey
NG;05;Africa/Lagos
NG;10;Africa/Lagos
NG;11;Africa/Lagos
NG;16;Africa/Lagos
NG;21;Africa/Lagos
NG;22;Africa/Lagos
NG;23;Africa/Lagos
NG;25;Africa/Lagos
NG;26;Africa/Lagos
NG;27;Africa/Lagos
NG;28;Africa/Lagos
NG;29;Africa/Lagos
NG;30;Africa/Lagos
NG;31;Africa/Lagos
NG;32;Africa/Lagos
NG;35;Africa/Lagos
NG;36;Africa/Lagos
NG;37;Africa/Lagos
NG;46;Africa/Lagos
NG;47;Africa/Lagos
NG;48;Africa/Lagos
NG;49;Africa/Lagos
NG;50;Africa/Lagos
NG;51;Africa/Lagos
NG;52;Africa/Lagos
NG;54;Africa/Lagos
NG;56;Africa/Lagos
NG;Unknown;Africa/Lagos
NI;02;America/Managua
NI;03;America/Managua
NI;04;America/Managua
NI;05;America/Managua
NI;06;America/Managua
NI;08;America/Managua
NI;10;America/Managua
NI;11;America/Managua
NI;12;America/Managua
NI;15;America/Managua
NI;18;America/Managua
NI;Unknown;America/Managua
NL;01;Europe/Amsterdam
NL;02;Europe/Amsterdam
NL;03;Europe/Amsterdam
NL;04;Europe/Amsterdam
NL;05;Europe/Amsterdam
NL;06;Europe/Amsterdam
NL;07;Europe/Amsterdam
NL;09;Europe/Amsterdam
NL;10;Europe/Amsterdam
NL;11;Europe/Amsterdam
NL;15;Europe/Amsterdam
NL;16;Europe/Amsterdam
NL;Unknown;Europe/Amsterdam
NO;01;Europe/Oslo
NO;02;Europe/Oslo
NO;04;Europe/Oslo
NO;05;Europe/Oslo
NO;06;Europe/Oslo
NO;07;Europe/Oslo
NO;08;Europe/Oslo
NO;09;Europe/Oslo
NO;10;Europe/Oslo
NO;11;Europe/Oslo
NO;12;Europe/Oslo
NO;13;Europe/Oslo
NO;14;Europe/Oslo
NO;15;Europe/Oslo
NO;16;Europe/Oslo
NO;17;Europe/Oslo
NO;18;Europe/Oslo
NO;19;Europe/Oslo
NO;20;Europe/Oslo
NO;Unknown;Europe/Oslo
NP;00;Asia/Kathmandu
NP;01;Asia/Kathmandu
NP;11;Asia/Kathmandu
NP;Unknown;Asia/Kathmandu
NR;Unknown;Pacific/Nauru
NU;00;Pacific/Niue
NZ;10;Pacific/Auckland
NZ;E7;Pacific/Auckland
NZ;E8;Pacific/Auckland
NZ;E9;Pacific/Auckland
NZ;F1;Pacific/Auckland
NZ;F2;Pacific/Auckland
NZ;F3;Pacific/Auckland
NZ;F4;Pacific/Auckland
NZ;F5;Pacific/Auckland
NZ;F6;Pacific/Auckland
NZ;F7;Pacific/Auckland
NZ;F8;Pacific/Auckland
NZ;F9;Pacific/Auckland
NZ;G1;Pacific/Auckland
NZ;G2;Pacific/Auckland
NZ;G3;Pacific/Auckland
NZ;Unknown;Pacific/Auckland
OM;02;Asia/Muscat
OM;06;Asia/Muscat
OM;08;Asia/Muscat
OM;Unknown;Asia/Muscat
PA;02;America/Panama
PA;03;America/Panama
PA;04;America/Panama
PA;05;America/Panama
PA;06;America/Panama
PA;07;America/Panama
PA;08;America/Panama
PA;09;America/Panama
PA;10;America/Panama
PA;Unknown;America/Panama
PE;02;America/Lima
PE;04;America/Lima
PE;07;America/Lima
PE;08;America/Lima
PE;09;America/Lima
PE;12;America/Lima
PE;13;America/Lima
PE;14;America/Lima
PE;15;America/Lima
PE;16;America/Lima
PE;20;America/Lima
PE;21;America/Lima
PE;22;America/Lima
PE;Unknown;America/Lima
PF;00;Pacific/Tahiti
PF;Unknown;Pacific/Tahiti
PG;02;Pacific/Port_Moresby
PG;04;Pacific/Port_Moresby
PG;05;Pacific/Port_Moresby
PG;06;Pacific/Port_Moresby
PG;08;Pacific/Port_Moresby
PG;09;Pacific/Port_Moresby
PG;10;Pacific/Port_Moresby
PG;11;Pacific/Port_Moresby
PG;13;Pacific/Port_Moresby
PG;14;Pacific/Port_Moresby
PG;15;Pacific/Port_Moresby
PG;18;Pacific/Port_Moresby
PG;20;Pacific/Port_Moresby
PG;Unknown;Pacific/Port_Moresby
PH;01;Asia/Manila
PH;02;Asia/Manila
PH;03;Asia/Manila
PH;04;Asia/Manila
PH;05;Asia/Manila
PH;06;Asia/Manila
PH;07;Asia/Manila
PH;09;Asia/Manila
PH;10;Asia/Manila
PH;11;Asia/Manila
PH;12;Asia/Manila
PH;13;Asia/Manila
PH;14;Asia/Manila
PH;15;Asia/Manila
PH;16;Asia/Manila
PH;17;Asia/Manila
PH;19;Asia/Manila
PH;20;Asia/Manila
PH;21;Asia/Manila
PH;22;Asia/Manila
PH;23;Asia/Manila
PH;25;Asia/Manila
PH;27;Asia/Manila
PH;28;Asia/Manila
PH;29;Asia/Manila
PH;31;Asia/Manila
PH;33;Asia/Manila
PH;36;Asia/Manila
PH;37;Asia/Manila
PH;38;Asia/Manila
PH;39;Asia/Manila
PH;41;Asia/Manila
PH;42;Asia/Manila
PH;43;Asia/Manila
PH;44;Asia/Manila
PH;46;Asia/Manila
PH;47;Asia/Manila
PH;48;Asia/Manila
PH;49;Asia/Manila
PH;50;Asia/Manila
PH;51;Asia/Manila
PH;53;Asia/Manila
PH;54;Asia/Manila
PH;55;Asia/Manila
PH;57;Asia/Manila
PH;58;Asia/Manila
PH;60;Asia/Manila
PH;62;Asia/Manila
PH;63;Asia/Manila
PH;64;Asia/Manila
PH;65;Asia/Manila
PH;68;Asia/Manila
PH;69;Asia/Manila
PH;70;Asia/Manila
PH;71;Asia/Manila
PH;A1;Asia/Manila
PH;A2;Asia/Manila
PH;A4;Asia/Manila
PH;A8;Asia/Manila
PH;B2;Asia/Manila
PH;B4;Asia/Manila
PH;B7;Asia/Manila
PH;B8;Asia/Manila
PH;B9;Asia/Manila
PH;C3;Asia/Manila
PH;C6;Asia/Manila
PH;C8;Asia/Manila
PH;C9;Asia/Manila
PH;D4;Asia/Manila
PH;D7;Asia/Manila
PH;D8;Asia/Manila
PH;D9;Asia/Manila
PH;E2;Asia/Manila
PH;E3;Asia/Manila
PH;E4;Asia/Manila
PH;E9;Asia/Manila
PH;F1;Asia/Manila
PH;F2;Asia/Manila
PH;G1;Asia/Manila
PH;G7;Asia/Manila
PH;G8;Asia/Manila
PH;H2;Asia/Manila
PH;H3;Asia/Manila
PH;H5;Asia/Manila
PH;I7;Asia/Manila
PH;K1;Asia/Manila
PH;K5;Asia/Manila
PH;L5;Asia/Manila
PH;L7;Asia/Manila
PH;M6;Asia/Manila
PH;M8;Asia/Manila
PH;N3;Asia/Manila
PH;O7;Asia/Manila
PH;P1;Asia/Manila
PH;P2;Asia/Manila
PH;Unknown;Asia/Manila
PK;01;Asia/Karachi
PK;02;Asia/Karachi
PK;03;Asia/Karachi
PK;04;Asia/Karachi
PK;05;Asia/Karachi
PK;06;Asia/Karachi
PK;07;Asia/Karachi
PK;08;Asia/Karachi
PK;Unknown;Asia/Karachi
PL;72;Europe/Warsaw
PL;73;Europe/Warsaw
PL;74;Europe/Warsaw
PL;75;Europe/Warsaw
PL;76;Europe/Warsaw
PL;77;Europe/Warsaw
PL;78;Europe/Warsaw
PL;79;Europe/Warsaw
PL;80;Europe/Warsaw
PL;81;Europe/Warsaw
PL;82;Europe/Warsaw
PL;83;Europe/Warsaw
PL;84;Europe/Warsaw
PL;85;Europe/Warsaw
PL;86;Europe/Warsaw
PL;87;Europe/Warsaw
PL;Unknown;Europe/Warsaw
PM;00;America/Miquelon
PR;00;America/Puerto_Rico
PR;Unknown;America/Puerto_Rico
PS;00;Asia/Gaza
PS;Unknown;Asia/Gaza
PT;02;Europe/Lisbon
PT;03;Europe/Lisbon
PT;04;Europe/Lisbon
PT;05;Europe/Lisbon
PT;06;Europe/Lisbon
PT;07;Europe/Lisbon
PT;08;Europe/Lisbon
PT;09;Europe/Lisbon
PT;10;Europe/Lisbon
PT;11;Europe/Lisbon
PT;13;Europe/Lisbon
PT;14;Europe/Lisbon
PT;16;Europe/Lisbon
PT;17;Europe/Lisbon
PT;18;Europe/Lisbon
PT;19;Europe/Lisbon
PT;20;Europe/Lisbon
PT;21;Europe/Lisbon
PT;22;Europe/Lisbon
PT;23;Europe/Lisbon
PT;Unknown;Europe/Lisbon
PW;00;Pacific/Palau
PW;Unknown;Pacific/Palau
PY;01;America/Asuncion
PY;06;America/Asuncion
PY;08;America/Asuncion
PY;10;America/Asuncion
PY;11;America/Asuncion
PY;22;America/Asuncion
PY;24;America/Asuncion
PY;Unknown;America/Asuncion
QA;01;Asia/Qatar
QA;04;Asia/Qatar
QA;06;Asia/Qatar
QA;08;Asia/Qatar
QA;09;Asia/Qatar
QA;10;Asia/Qatar
QA;13;Asia/Qatar
QA;Unknown;Asia/Qatar
RE;00;Indian/Reunion
RE;Unknown;Indian/Reunion
RO;01;Europe/Bucharest
RO;02;Europe/Bucharest
RO;03;Europe/Bucharest
RO;04;Europe/Bucharest
RO;05;Europe/Bucharest
RO;06;Europe/Bucharest
RO;07;Europe/Bucharest
RO;08;Europe/Bucharest
RO;09;Europe/Bucharest
RO;10;Europe/Bucharest
RO;11;Europe/Bucharest
RO;12;Europe/Bucharest
RO;13;Europe/Bucharest
RO;14;Europe/Bucharest
RO;15;Europe/Bucharest
RO;16;Europe/Bucharest
RO;17;Europe/Bucharest
RO;18;Europe/Bucharest
RO;19;Europe/Bucharest
RO;20;Europe/Bucharest
RO;21;Europe/Bucharest
RO;22;Europe/Bucharest
RO;23;Europe/Bucharest
RO;25;Europe/Bucharest
RO;26;Europe/Bucharest
RO;27;Europe/Bucharest
RO;28;Europe/Bucharest
RO;29;Europe/Bucharest
RO;30;Europe/Bucharest
RO;31;Europe/Bucharest
RO;32;Europe/Bucharest
RO;33;Europe/Bucharest
RO;34;Europe/Bucharest
RO;35;Europe/Bucharest
RO;36;Europe/Bucharest
RO;37;Europe/Bucharest
RO;38;Europe/Bucharest
RO;39;Europe/Bucharest
RO;40;Europe/Bucharest
RO;41;Europe/Bucharest
RO;42;Europe/Bucharest
RO;43;Europe/Bucharest
RO;Unknown;Europe/Bucharest
RS;00;Europe/Belgrade
RS;02;Europe/Belgrade
RS;Unknown;Europe/Belgrade
RU;01;Europe/Moscow
RU;04;Europe/Moscow
RU;05;Europe/Moscow
RU;06;Europe/Moscow
RU;07;Europe/Moscow
RU;08;Europe/Moscow
RU;09;Europe/Moscow
RU;10;Europe/Moscow
RU;11;Europe/Moscow
RU;12;Europe/Moscow
RU;13;Europe/Moscow
RU;16;Europe/Moscow
RU;17;Europe/Moscow
RU;19;Europe/Moscow
RU;20;Europe/Moscow
RU;21;Europe/Moscow
RU;22;Europe/Moscow
RU;23;Europe/Moscow
RU;24;Europe/Moscow
RU;25;Europe/Moscow
RU;27;Europe/Moscow
RU;28;Europe/Moscow
RU;29;Europe/Moscow
RU;30;Europe/Moscow
RU;31;Europe/Moscow
RU;32;Europe/Moscow
RU;33;Europe/Moscow
RU;34;Europe/Moscow
RU;37;Europe/Moscow
RU;38;Europe/Moscow
RU;40;Europe/Moscow
RU;41;Europe/Moscow
RU;42;Europe/Moscow
RU;43;Europe/Moscow
RU;44;Europe/Moscow
RU;45;Europe/Moscow
RU;46;Europe/Moscow
RU;47;Europe/Moscow
RU;48;Europe/Moscow
RU;49;Europe/Moscow
RU;50;Europe/Moscow
RU;51;Europe/Moscow
RU;52;Europe/Moscow
RU;53;Europe/Moscow
RU;54;Europe/Moscow
RU;55;Europe/Moscow
RU;56;Europe/Moscow
RU;57;Europe/Moscow
RU;59;Europe/Moscow
RU;60;Europe/Moscow
RU;61;Europe/Moscow
RU;62;Europe/Moscow
RU;63;Europe/Moscow
RU;64;Europe/Moscow
RU;65;Europe/Moscow
RU;66;Europe/Moscow
RU;67;Europe/Moscow
RU;68;Europe/Moscow
RU;69;Europe/Moscow
RU;70;Europe/Moscow
RU;71;Europe/Moscow
RU;72;Europe/Moscow
RU;73;Europe/Moscow
RU;75;Europe/Moscow
RU;76;Europe/Moscow
RU;77;Europe/Moscow
RU;78;Europe/Moscow
RU;79;Europe/Moscow
RU;80;Europe/Moscow
RU;81;Europe/Moscow
RU;83;Europe/Moscow
RU;84;Europe/Moscow
RU;85;Europe/Moscow
RU;86;Europe/Moscow
RU;87;Europe/Moscow
RU;88;Europe/Moscow
RU;90;Europe/Moscow
RU;91;Europe/Moscow
RU;92;Europe/Moscow
RU;93;Europe/Moscow
RU;Unknown;Europe/Moscow
RW;03;Africa/Kigali
RW;09;Africa/Kigali
RW;Unknown;Africa/Kigali
SA;05;Asia/Riyadh
SA;06;Asia/Riyadh
SA;08;Asia/Riyadh
SA;10;Asia/Riyadh
SA;11;Asia/Riyadh
SA;13;Asia/Riyadh
SA;14;Asia/Riyadh
SA;17;Asia/Riyadh
SA;19;Asia/Riyadh
SA;20;Asia/Riyadh
SA;Unknown;Asia/Riyadh
SB;08;Pacific/Guadalcanal
SB;Unknown;Pacific/Guadalcanal
SC;08;Indian/Mahe
SC;19;Indian/Mahe
SC;Unknown;Indian/Mahe
SE;02;Europe/Stockholm
SE;03;Europe/Stockholm
SE;05;Europe/Stockholm
SE;06;Europe/Stockholm
SE;07;Europe/Stockholm
SE;08;Europe/Stockholm
SE;09;Europe/Stockholm
SE;10;Europe/Stockholm
SE;12;Europe/Stockholm
SE;14;Europe/Stockholm
SE;15;Europe/Stockholm
SE;16;Europe/Stockholm
SE;18;Europe/Stockholm
SE;21;Europe/Stockholm
SE;22;Europe/Stockholm
SE;23;Europe/Stockholm
SE;24;Europe/Stockholm
SE;25;Europe/Stockholm
SE;26;Europe/Stockholm
SE;27;Europe/Stockholm
SE;28;Europe/Stockholm
SE;Unknown;Europe/Stockholm
SG;00;Asia/Singapore
SG;Unknown;Asia/Singapore
SI;01;Europe/Ljubljana
SI;02;Europe/Ljubljana
SI;03;Europe/Ljubljana
SI;05;Europe/Ljubljana
SI;06;Europe/Ljubljana
SI;08;Europe/Ljubljana
SI;09;Europe/Ljubljana
SI;11;Europe/Ljubljana
SI;12;Europe/Ljubljana
SI;13;Europe/Ljubljana
SI;14;Europe/Ljubljana
SI;22;Europe/Ljubljana
SI;24;Europe/Ljubljana
SI;25;Europe/Ljubljana
SI;26;Europe/Ljubljana
SI;29;Europe/Ljubljana
SI;32;Europe/Ljubljana
SI;34;Europe/Ljubljana
SI;36;Europe/Ljubljana
SI;38;Europe/Ljubljana
SI;40;Europe/Ljubljana
SI;44;Europe/Ljubljana
SI;45;Europe/Ljubljana
SI;47;Europe/Ljubljana
SI;50;Europe/Ljubljana
SI;52;Europe/Ljubljana
SI;53;Europe/Ljubljana
SI;54;Europe/Ljubljana
SI;55;Europe/Ljubljana
SI;57;Europe/Ljubljana
SI;61;Europe/Ljubljana
SI;62;Europe/Ljubljana
SI;64;Europe/Ljubljana
SI;68;Europe/Ljubljana
SI;71;Europe/Ljubljana
SI;72;Europe/Ljubljana
SI;73;Europe/Ljubljana
SI;74;Europe/Ljubljana
SI;76;Europe/Ljubljana
SI;77;Europe/Ljubljana
SI;78;Europe/Ljubljana
SI;79;Europe/Ljubljana
SI;80;Europe/Ljubljana
SI;81;Europe/Ljubljana
SI;82;Europe/Ljubljana
SI;84;Europe/Ljubljana
SI;87;Europe/Ljubljana
SI;89;Europe/Ljubljana
SI;94;Europe/Ljubljana
SI;98;Europe/Ljubljana
SI;A1;Europe/Ljubljana
SI;A2;Europe/Ljubljana
SI;A3;Europe/Ljubljana
SI;A7;Europe/Ljubljana
SI;B2;Europe/Ljubljana
SI;B3;Europe/Ljubljana
SI;B4;Europe/Ljubljana
SI;B6;Europe/Ljubljana
SI;B7;Europe/Ljubljana
SI;B9;Europe/Ljubljana
SI;C1;Europe/Ljubljana
SI;C2;Europe/Ljubljana
SI;C4;Europe/Ljubljana
SI;C5;Europe/Ljubljana
SI;C6;Europe/Ljubljana
SI;C7;Europe/Ljubljana
SI;C8;Europe/Ljubljana
SI;D1;Europe/Ljubljana
SI;D2;Europe/Ljubljana
SI;D3;Europe/Ljubljana
SI;D4;Europe/Ljubljana
SI;D5;Europe/Ljubljana
SI;D7;Europe/Ljubljana
SI;E1;Europe/Ljubljana
SI;E5;Europe/Ljubljana
SI;E6;Europe/Ljubljana
SI;E7;Europe/Ljubljana
SI;F1;Europe/Ljubljana
SI;F2;Europe/Ljubljana
SI;F3;Europe/Ljubljana
SI;F7;Europe/Ljubljana
SI;G3;Europe/Ljubljana
SI;G6;Europe/Ljubljana
SI;G7;Europe/Ljubljana
SI;G9;Europe/Ljubljana
SI;H1;Europe/Ljubljana
SI;H3;Europe/Ljubljana
SI;H4;Europe/Ljubljana
SI;H6;Europe/Ljubljana
SI;H7;Europe/Ljubljana
SI;H8;Europe/Ljubljana
SI;I1;Europe/Ljubljana
SI;I3;Europe/Ljubljana
SI;I4;Europe/Ljubljana
SI;I5;Europe/Ljubljana
SI;I6;Europe/Ljubljana
SI;I7;Europe/Ljubljana
SI;I8;Europe/Ljubljana
SI;J2;Europe/Ljubljana
SI;J4;Europe/Ljubljana
SI;J5;Europe/Ljubljana
SI;J7;Europe/Ljubljana
SI;J9;Europe/Ljubljana
SI;K3;Europe/Ljubljana
SI;K4;Europe/Ljubljana
SI;K5;Europe/Ljubljana
SI;K6;Europe/Ljubljana
SI;K7;Europe/Ljubljana
SI;K8;Europe/Ljubljana
SI;L1;Europe/Ljubljana
SI;L3;Europe/Ljubljana
SI;L5;Europe/Ljubljana
SI;L6;Europe/Ljubljana
SI;L8;Europe/Ljubljana
SI;M1;Europe/Ljubljana
SI;M3;Europe/Ljubljana
SI;M8;Europe/Ljubljana
SI;N1;Europe/Ljubljana
SI;N2;Europe/Ljubljana
SI;N3;Europe/Ljubljana
SI;N5;Europe/Ljubljana
SI;N9;Europe/Ljubljana
SI;O3;Europe/Ljubljana
SI;O4;Europe/Ljubljana
SI;O5;Europe/Ljubljana
SI;O7;Europe/Ljubljana
SI;P1;Europe/Ljubljana
SI;Unknown;Europe/Ljubljana
SK;01;Europe/Bratislava
SK;02;Europe/Bratislava
SK;03;Europe/Bratislava
SK;04;Europe/Bratislava
SK;05;Europe/Bratislava
SK;06;Europe/Bratislava
SK;07;Europe/Bratislava
SK;08;Europe/Bratislava
SK;Unknown;Europe/Bratislava
SL;04;Africa/Freetown
SL;Unknown;Africa/Freetown
SM;03;Europe/San_Marino
SM;06;Europe/San_Marino
SM;07;Europe/San_Marino
SM;09;Europe/San_Marino
SN;01;Africa/Dakar
SN;Unknown;Africa/Dakar
SO;02;Africa/Mogadishu
SO;Unknown;Africa/Mogadishu
SR;11;America/Paramaribo
SR;14;America/Paramaribo
SR;16;America/Paramaribo
ST;Unknown;Africa/Sao_Tome
SV;01;America/El_Salvador
SV;02;America/El_Salvador
SV;03;America/El_Salvador
SV;04;America/El_Salvador
SV;05;America/El_Salvador
SV;08;America/El_Salvador
SV;09;America/El_Salvador
SV;10;America/El_Salvador
SV;11;America/El_Salvador
SV;13;America/El_Salvador
SV;14;America/El_Salvador
SV;Unknown;America/El_Salvador
SZ;01;Africa/Mbabane
SZ;03;Africa/Mbabane
SZ;Unknown;Africa/Mbabane
TC;00;America/Grand_Turk
TC;Unknown;America/Grand_Turk
TD;04;Africa/Ndjamena
TD;Unknown;Africa/Ndjamena
TG;24;Africa/Lome
TG;Unknown;Africa/Lome
TH;01;Asia/Bangkok
TH;02;Asia/Bangkok
TH;03;Asia/Bangkok
TH;04;Asia/Bangkok
TH;05;Asia/Bangkok
TH;06;Asia/Bangkok
TH;07;Asia/Bangkok
TH;08;Asia/Bangkok
TH;09;Asia/Bangkok
TH;10;Asia/Bangkok
TH;11;Asia/Bangkok
TH;12;Asia/Bangkok
TH;13;Asia/Bangkok
TH;14;Asia/Bangkok
TH;16;Asia/Bangkok
TH;17;Asia/Bangkok
TH;18;Asia/Bangkok
TH;20;Asia/Bangkok
TH;22;Asia/Bangkok
TH;23;Asia/Bangkok
TH;24;Asia/Bangkok
TH;25;Asia/Bangkok
TH;26;Asia/Bangkok
TH;27;Asia/Bangkok
TH;28;Asia/Bangkok
TH;29;Asia/Bangkok
TH;30;Asia/Bangkok
TH;31;Asia/Bangkok
TH;32;Asia/Bangkok
TH;33;Asia/Bangkok
TH;34;Asia/Bangkok
TH;35;Asia/Bangkok
TH;36;Asia/Bangkok
TH;37;Asia/Bangkok
TH;38;Asia/Bangkok
TH;39;Asia/Bangkok
TH;40;Asia/Bangkok
TH;41;Asia/Bangkok
TH;42;Asia/Bangkok
TH;43;Asia/Bangkok
TH;44;Asia/Bangkok
TH;46;Asia/Bangkok
TH;47;Asia/Bangkok
TH;48;Asia/Bangkok
TH;49;Asia/Bangkok
TH;50;Asia/Bangkok
TH;51;Asia/Bangkok
TH;52;Asia/Bangkok
TH;53;Asia/Bangkok
TH;54;Asia/Bangkok
TH;55;Asia/Bangkok
TH;56;Asia/Bangkok
TH;57;Asia/Bangkok
TH;58;Asia/Bangkok
TH;59;Asia/Bangkok
TH;60;Asia/Bangkok
TH;61;Asia/Bangkok
TH;62;Asia/Bangkok
TH;63;Asia/Bangkok
TH;64;Asia/Bangkok
TH;65;Asia/Bangkok
TH;67;Asia/Bangkok
TH;68;Asia/Bangkok
TH;69;Asia/Bangkok
TH;70;Asia/Bangkok
TH;72;Asia/Bangkok
TH;73;Asia/Bangkok
TH;74;Asia/Bangkok
TH;75;Asia/Bangkok
TH;76;Asia/Bangkok
TH;77;Asia/Bangkok
TH;78;Asia/Bangkok
TH;79;Asia/Bangkok
TH;80;Asia/Bangkok
TH;Unknown;Asia/Bangkok
TJ;01;Asia/Dushanbe
TJ;03;Asia/Dushanbe
TJ;04;Asia/Dushanbe
TJ;Unknown;Asia/Dushanbe
TL;06;Asia/Dili
TL;Unknown;Asia/Dili
TM;01;Asia/Ashgabat
TM;Unknown;Asia/Ashgabat
TN;16;Africa/Tunis
TN;19;Africa/Tunis
TN;22;Africa/Tunis
TN;23;Africa/Tunis
TN;27;Africa/Tunis
TN;30;Africa/Tunis
TN;31;Africa/Tunis
TN;32;Africa/Tunis
TN;33;Africa/Tunis
TN;36;Africa/Tunis
TN;37;Africa/Tunis
TN;Unknown;Africa/Tunis
TO;Unknown;Pacific/Tongatapu
TR;02;Europe/Istanbul
TR;03;Europe/Istanbul
TR;04;Europe/Istanbul
TR;05;Europe/Istanbul
TR;07;Europe/Istanbul
TR;08;Europe/Istanbul
TR;09;Europe/Istanbul
TR;10;Europe/Istanbul
TR;11;Europe/Istanbul
TR;14;Europe/Istanbul
TR;15;Europe/Istanbul
TR;16;Europe/Istanbul
TR;17;Europe/Istanbul
TR;19;Europe/Istanbul
TR;20;Europe/Istanbul
TR;21;Europe/Istanbul
TR;22;Europe/Istanbul
TR;23;Europe/Istanbul
TR;24;Europe/Istanbul
TR;25;Europe/Istanbul
TR;26;Europe/Istanbul
TR;28;Europe/Istanbul
TR;31;Europe/Istanbul
TR;32;Europe/Istanbul
TR;33;Europe/Istanbul
TR;34;Europe/Istanbul
TR;35;Europe/Istanbul
TR;37;Europe/Istanbul
TR;38;Europe/Istanbul
TR;39;Europe/Istanbul
TR;40;Europe/Istanbul
TR;41;Europe/Istanbul
TR;43;Europe/Istanbul
TR;44;Europe/Istanbul
TR;45;Europe/Istanbul
TR;46;Europe/Istanbul
TR;48;Europe/Istanbul
TR;50;Europe/Istanbul
TR;52;Europe/Istanbul
TR;53;Europe/Istanbul
TR;54;Europe/Istanbul
TR;55;Europe/Istanbul
TR;57;Europe/Istanbul
TR;58;Europe/Istanbul
TR;59;Europe/Istanbul
TR;60;Europe/Istanbul
TR;61;Europe/Istanbul
TR;62;Europe/Istanbul
TR;63;Europe/Istanbul
TR;64;Europe/Istanbul
TR;65;Europe/Istanbul
TR;66;Europe/Istanbul
TR;68;Europe/Istanbul
TR;69;Europe/Istanbul
TR;71;Europe/Istanbul
TR;72;Europe/Istanbul
TR;73;Europe/Istanbul
TR;74;Europe/Istanbul
TR;75;Europe/Istanbul
TR;76;Europe/Istanbul
TR;78;Europe/Istanbul
TR;79;Europe/Istanbul
TR;80;Europe/Istanbul
TR;81;Europe/Istanbul
TR;82;Europe/Istanbul
TR;83;Europe/Istanbul
TR;84;Europe/Istanbul
TR;85;Europe/Istanbul
TR;87;Europe/Istanbul
TR;89;Europe/Istanbul
TR;91;Europe/Istanbul
TR;92;Europe/Istanbul
TR;93;Europe/Istanbul
TR;Unknown;Europe/Istanbul
TT;00;America/Port_of_Spain
TT;01;America/Port_of_Spain
TT;02;America/Port_of_Spain
TT;04;America/Port_of_Spain
TT;05;America/Port_of_Spain
TT;06;America/Port_of_Spain
TT;08;America/Port_of_Spain
TT;09;America/Port_of_Spain
TT;10;America/Port_of_Spain
TT;11;America/Port_of_Spain
TT;12;America/Port_of_Spain
TT;Unknown;America/Port_of_Spain
TV;00;Pacific/Funafuti
TW;00;Asia/Taipei
TW;02;Asia/Taipei
TW;03;Asia/Taipei
TW;04;Asia/Taipei
TW;Unknown;Asia/Taipei
TZ;03;Africa/Dar_es_Salaam
TZ;06;Africa/Dar_es_Salaam
TZ;09;Africa/Dar_es_Salaam
TZ;12;Africa/Dar_es_Salaam
TZ;18;Africa/Dar_es_Salaam
TZ;23;Africa/Dar_es_Salaam
TZ;25;Africa/Dar_es_Salaam
TZ;26;Africa/Dar_es_Salaam
TZ;Unknown;Africa/Dar_es_Salaam
UA;01;Europe/Kiev
UA;02;Europe/Kiev
UA;03;Europe/Kiev
UA;04;Europe/Kiev
UA;05;Europe/Kiev
UA;06;Europe/Kiev
UA;07;Europe/Kiev
UA;08;Europe/Kiev
UA;09;Europe/Kiev
UA;10;Europe/Kiev
UA;11;Europe/Kiev
UA;12;Europe/Kiev
UA;13;Europe/Kiev
UA;14;Europe/Kiev
UA;15;Europe/Kiev
UA;16;Europe/Kiev
UA;17;Europe/Kiev
UA;18;Europe/Kiev
UA;19;Europe/Kiev
UA;20;Europe/Kiev
UA;21;Europe/Kiev
UA;22;Europe/Kiev
UA;23;Europe/Kiev
UA;24;Europe/Kiev
UA;25;Europe/Kiev
UA;26;Europe/Kiev
UA;27;Europe/Kiev
UA;Unknown;Europe/Kiev
UG;33;Africa/Kampala
UG;34;Africa/Kampala
UG;36;Africa/Kampala
UG;37;Africa/Kampala
UG;Unknown;Africa/Kampala
US;AA;America/Chicago
US;AE;Europe/Berlin
US;AK;America/Anchorage
US;AL;America/Chicago
US;AP;Pacific/Honolulu
US;AR;America/Chicago
US;AZ;America/Phoenix
US;CA;America/Los_Angeles
US;CO;America/Denver
US;CT;America/New_York
US;DC;America/New_York
US;DE;America/New_York
US;FL;America/New_York
US;GA;America/New_York
US;HI;Pacific/Honolulu
US;IA;America/Chicago
US;ID;America/Boise
US;IL;America/Chicago
US;IN;America/Indiana/Indianapolis
US;KS;America/Chicago
US;KY;America/New_York
US;LA;America/Chicago
US;MA;America/New_York
US;MD;America/New_York
US;ME;America/New_York
US;MI;America/Detroit
US;MN;America/Chicago
US;MO;America/Chicago
US;MS;America/Chicago
US;MT;America/Denver
US;NC;America/New_York
US;ND;America/Chicago
US;NE;America/Chicago
US;NH;America/New_York
US;NJ;America/New_York
US;NM;America/Denver
US;NV;America/Los_Angeles
US;NY;America/New_York
US;OH;America/New_York
US;OK;America/Chicago
US;OR;America/Los_Angeles
US;PA;America/New_York
US;RI;America/New_York
US;SC;America/New_York
US;SD;America/Chicago
US;TN;America/Chicago
US;TX;America/Chicago
US;Unknown;America/Chicago
US;UT;America/Denver
US;VA;America/New_York
US;VT;America/New_York
US;WA;America/Los_Angeles
US;WI;America/Chicago
US;WV;America/New_York
US;WY;America/Denver
UY;02;America/Montevideo
UY;04;America/Montevideo
UY;09;America/Montevideo
UY;10;America/Montevideo
UY;15;America/Montevideo
UZ;03;Asia/Tashkent
UZ;13;Asia/Tashkent
UZ;Unknown;Asia/Tashkent
VA;Unknown;Europe/Vatican
VC;01;America/St_Vincent
VC;04;America/St_Vincent
VC;Unknown;America/St_Vincent
VE;02;America/Caracas
VE;04;America/Caracas
VE;05;America/Caracas
VE;06;America/Caracas
VE;07;America/Caracas
VE;11;America/Caracas
VE;13;America/Caracas
VE;14;America/Caracas
VE;15;America/Caracas
VE;16;America/Caracas
VE;17;America/Caracas
VE;18;America/Caracas
VE;20;America/Caracas
VE;22;America/Caracas
VE;23;America/Caracas
VE;25;America/Caracas
VE;26;America/Caracas
VE;Unknown;America/Caracas
VG;00;America/Tortola
VG;Unknown;America/Tortola
VI;00;America/St_Thomas
VI;Unknown;America/St_Thomas
VN;03;Asia/Ho_Chi_Minh
VN;05;Asia/Ho_Chi_Minh
VN;09;Asia/Ho_Chi_Minh
VN;13;Asia/Ho_Chi_Minh
VN;20;Asia/Ho_Chi_Minh
VN;21;Asia/Ho_Chi_Minh
VN;23;Asia/Ho_Chi_Minh
VN;30;Asia/Ho_Chi_Minh
VN;32;Asia/Ho_Chi_Minh
VN;33;Asia/Ho_Chi_Minh
VN;34;Asia/Ho_Chi_Minh
VN;35;Asia/Ho_Chi_Minh
VN;39;Asia/Ho_Chi_Minh
VN;43;Asia/Ho_Chi_Minh
VN;44;Asia/Ho_Chi_Minh
VN;45;Asia/Ho_Chi_Minh
VN;46;Asia/Ho_Chi_Minh
VN;47;Asia/Ho_Chi_Minh
VN;49;Asia/Ho_Chi_Minh
VN;50;Asia/Ho_Chi_Minh
VN;52;Asia/Ho_Chi_Minh
VN;53;Asia/Ho_Chi_Minh
VN;54;Asia/Ho_Chi_Minh
VN;58;Asia/Ho_Chi_Minh
VN;59;Asia/Ho_Chi_Minh
VN;60;Asia/Ho_Chi_Minh
VN;61;Asia/Ho_Chi_Minh
VN;62;Asia/Ho_Chi_Minh
VN;63;Asia/Ho_Chi_Minh
VN;64;Asia/Ho_Chi_Minh
VN;65;Asia/Ho_Chi_Minh
VN;66;Asia/Ho_Chi_Minh
VN;68;Asia/Ho_Chi_Minh
VN;69;Asia/Ho_Chi_Minh
VN;70;Asia/Ho_Chi_Minh
VN;71;Asia/Ho_Chi_Minh
VN;74;Asia/Ho_Chi_Minh
VN;78;Asia/Ho_Chi_Minh
VN;79;Asia/Ho_Chi_Minh
VN;81;Asia/Ho_Chi_Minh
VN;82;Asia/Ho_Chi_Minh
VN;83;Asia/Ho_Chi_Minh
VN;84;Asia/Ho_Chi_Minh
VN;85;Asia/Ho_Chi_Minh
VN;87;Asia/Ho_Chi_Minh
VN;88;Asia/Ho_Chi_Minh
VN;Unknown;Asia/Ho_Chi_Minh
VU;18;Pacific/Efate
VU;Unknown;Pacific/Efate
WS;00;Pacific/Apia
WS;Unknown;Pacific/Apia
YE;04;Asia/Aden
YE;16;Asia/Aden
YE;Unknown;Asia/Aden
YT;00;Indian/Mayotte
YT;Unknown;Indian/Mayotte
ZA;02;Africa/Johannesburg
ZA;03;Africa/Johannesburg
ZA;05;Africa/Johannesburg
ZA;06;Africa/Johannesburg
ZA;07;Africa/Johannesburg
ZA;08;Africa/Johannesburg
ZA;09;Africa/Johannesburg
ZA;10;Africa/Johannesburg
ZA;11;Africa/Johannesburg
ZA;Unknown;Africa/Johannesburg
ZM;01;Africa/Lusaka
ZM;02;Africa/Lusaka
ZM;03;Africa/Lusaka
ZM;04;Africa/Lusaka
ZM;05;Africa/Lusaka
ZM;08;Africa/Lusaka
ZM;09;Africa/Lusaka
ZM;Unknown;Africa/Lusaka
ZW;00;Africa/Harare
ZW;04;Africa/Harare
ZW;06;Africa/Harare
ZW;07;Africa/Harare
ZW;Unknown;Africa/Harare
;Unknown;